step,b_range,b_form,S,box_strengths,iteration,energy_mev,kinetic_mev,radius_fm,basis_size,prob_bare,prob_dressed,execution_time_s
2,2.24,1.4,31.3,"[1.0, 0.0]",-1.00000000,-2.16820336,16.66245182,2.14184797,41.00000000,0.97457722,0.02542278,85.58300000
3,2.24,1.4,31.3,"[1.0, 0.1, 0.0]",-1.00000000,-2.20347046,16.73531348,2.13237062,59.00000000,0.97416677,0.02583323,150.85600000
4,2.24,1.4,31.3,"[1.0, 0.2, 0.1, 0.0]",-1.00000000,-2.22194987,16.79584154,2.12685974,77.00000000,0.97388951,0.02611049,262.73000000
5,2.24,1.4,31.3,"[1.0, 0.5, 0.2, 0.1, 0.0]",-1.00000000,-2.22280050,16.79816460,2.12647288,95.00000000,0.97389826,0.02610174,401.99500000
6,2.24,1.4,31.3,"[2.0, 1.0, 0.5, 0.2, 0.1, 0.0]",-1.00000000,-2.22803997,16.81042284,2.12657170,113.00000000,0.97383197,0.02616803,493.30900000
7,2.24,1.4,31.3,"[2.0, 1.0, 0.5, 0.2, 0.1, 0.01, 0.0]",-1.00000000,-2.22974014,16.81383337,2.12461049,131.00000000,0.97380796,0.02619204,686.96900000
8,2.24,1.4,31.3,"[5.0, 2.0, 1.0, 0.5, 0.2, 0.1, 0.01, 0.0]",-1.00000000,-2.23139474,16.81562821,2.12283729,149.00000000,0.97380314,0.02619686,1097.25600000
9,2.24,1.4,31.3,"[5.0, 3.0, 2.0, 1.0, 0.5, 0.2, 0.1, 0.01, 0.0]",-1.00000000,-2.23125226,16.81692001,2.12402982,167.00000000,0.97380594,0.02619406,1358.63900000
