step,b_range,b_form,S,box_strengths,iteration,energy_mev,kinetic_mev,radius_fm,basis_size,prob_bare,prob_dressed,execution_time_s
3,2.24,1.4,31.29,"[1.0, 0.1, 0.0]",-1.00000000,-2.19692003,16.73105574,2.13324850,59.00000000,0.97412957,0.02587043,135.14300000
4,2.24,1.4,31.29,"[1.0, 0.2, 0.1, 0.0]",-1.00000000,-2.21316166,16.74940358,2.13084060,77.00000000,0.97390349,0.02609651,221.47300000
5,2.24,1.4,31.29,"[1.0, 0.5, 0.2, 0.1, 0.0]",-1.00000000,-2.21842831,16.77073235,2.12842015,95.00000000,0.97388744,0.02611256,355.69000000
6,2.24,1.4,31.29,"[2.0, 1.0, 0.5, 0.2, 0.1, 0.0]",-1.00000000,-2.22048156,16.77511577,2.12809613,113.00000000,0.97387092,0.02612908,656.31300000
7,2.24,1.4,31.29,"[2.0, 1.0, 0.5, 0.2, 0.1, 0.01, 0.0]",-1.00000000,-2.22104817,16.78316474,2.12816382,131.00000000,0.97387722,0.02612278,598.28500000
8,2.24,1.4,31.29,"[5.0, 2.0, 1.0, 0.5, 0.2, 0.1, 0.01, 0.0]",-1.00000000,-2.22262893,16.78230835,2.12728462,149.00000000,0.97386738,0.02613262,1162.14400000
