step,b_range,b_form,S,box_strengths,iteration,energy_mev,kinetic_mev,radius_fm,basis_size,prob_bare,prob_dressed,execution_time_s
2,2.24,1.4,31.29,"[1.0, 0.0]",-1.00000000,-2.19570593,16.72033007,2.13436515,41.00000000,0.97420850,0.02579150,87.17700000
3,2.24,1.4,31.29,"[1.0, 0.1, 0.0]",-1.00000000,-2.20939876,16.75307663,2.12808714,59.00000000,0.97391730,0.02608270,138.07500000
4,2.24,1.4,31.29,"[1.0, 0.2, 0.1, 0.0]",-1.00000000,-2.21602170,16.75776889,2.12926890,77.00000000,0.97390772,0.02609228,250.81900000
5,2.24,1.4,31.29,"[1.0, 0.5, 0.2, 0.1, 0.0]",-1.00000000,-2.21840369,16.76412517,2.12869129,95.00000000,0.97389945,0.02610055,446.49300000
6,2.24,1.4,31.29,"[2.0, 1.0, 0.5, 0.2, 0.1, 0.0]",-1.00000000,-2.21959385,16.76991481,2.12822926,113.00000000,0.97388396,0.02611604,596.94600000
7,2.24,1.4,31.29,"[2.0, 1.0, 0.5, 0.2, 0.1, 0.01, 0.0]",-1.00000000,-2.22170654,16.77202983,2.12705817,131.00000000,0.97386606,0.02613394,833.43500000
8,2.24,1.4,31.29,"[5.0, 2.0, 1.0, 0.5, 0.2, 0.1, 0.01, 0.0]",-1.00000000,-2.22170531,16.77305015,2.12724309,149.00000000,0.97387792,0.02612208,1024.89600000
9,2.24,1.4,31.29,"[5.0, 3.0, 2.0, 1.0, 0.5, 0.2, 0.1, 0.01, 0.0]",-1.00000000,-2.22267916,16.78054443,2.12666775,167.00000000,0.97386793,0.02613207,1481.70000000
