step,b_range,b_form,S,box_strengths,iteration,energy_mev,kinetic_mev,radius_fm,basis_size,prob_bare,prob_dressed,execution_time_s
2,2.24,1.4,31.29,"[1.0, 0.0]",-1.00000000,-2.19152073,16.70140097,2.13610764,41.00000000,0.97424398,0.02575602,77.35600000
3,2.24,1.4,31.29,"[1.0, 0.1, 0.0]",-1.00000000,-2.21117633,16.75558547,2.12793561,59.00000000,0.97390115,0.02609885,138.07800000
4,2.24,1.4,31.29,"[1.0, 0.2, 0.1, 0.0]",-1.00000000,-2.21552803,16.75105904,2.12953256,77.00000000,0.97390412,0.02609588,229.40500000
5,2.24,1.4,31.29,"[1.0, 0.5, 0.2, 0.1, 0.0]",-1.00000000,-2.21801437,16.77105997,2.12838636,95.00000000,0.97392088,0.02607912,341.41500000
6,2.24,1.4,31.29,"[2.0, 1.0, 0.5, 0.2, 0.1, 0.0]",-1.00000000,-2.21984404,16.76461044,2.12720366,113.00000000,0.97388626,0.02611374,492.54500000
7,2.24,1.4,31.29,"[2.0, 1.0, 0.5, 0.2, 0.1, 0.01, 0.0]",-1.00000000,-2.22184149,16.77094687,2.12723320,131.00000000,0.97387723,0.02612277,722.15800000
8,2.24,1.4,31.29,"[5.0, 2.0, 1.0, 0.5, 0.2, 0.1, 0.01, 0.0]",-1.00000000,-2.22236849,16.77542674,2.12572483,149.00000000,0.97387329,0.02612671,1037.89400000
9,2.24,1.4,31.29,"[5.0, 3.0, 2.0, 1.0, 0.5, 0.2, 0.1, 0.01, 0.0]",-1.00000000,-2.22246440,16.77546156,2.12657870,167.00000000,0.97387318,0.02612682,1052.36300000
