step,b_range,b_form,S,box_strengths,iteration,energy_mev,kinetic_mev,radius_fm,basis_size,prob_bare,prob_dressed,execution_time_s
2,2.24,1.4,31.29,"[5.0, 2.0]",-1.00000000,-2.18785243,16.71116454,2.13697362,39.00000000,0.97424302,0.02575698,74.41100000
3,2.24,1.4,31.29,"[5.0, 2.0, 1.0]",-1.00000000,-2.21150172,16.74750192,2.13058824,59.00000000,0.97396529,0.02603471,160.08400000
4,2.24,1.4,31.29,"[5.0, 2.0, 1.0, 0.5]",-1.00000000,-2.21496406,16.75954771,2.12695114,77.00000000,0.97392241,0.02607759,297.70000000
5,2.24,1.4,31.29,"[5.0, 2.0, 1.0, 0.5, 0.2]",-1.00000000,-2.21810937,16.76467285,2.12945232,95.00000000,0.97388913,0.02611087,381.96400000
6,2.24,1.4,31.29,"[5.0, 2.0, 1.0, 0.5, 0.2, 0.1]",-1.00000000,-2.21947723,16.75972344,2.12990018,113.00000000,0.97388635,0.02611365,509.77700000
