step,b_range,b_form,S,box_strengths,iteration,energy_mev,kinetic_mev,radius_fm,basis_size,prob_bare,prob_dressed,execution_time_s
2,2.24,1.4,31.29,"[1.0, 0.0]",-1.00000000,-2.19687310,16.71906057,2.13392169,41.00000000,0.97417761,0.02582239,113.34100000
3,2.24,1.4,31.29,"[1.0, 0.1, 0.0]",-1.00000000,-2.21015482,16.73749822,2.13013400,59.00000000,0.97394576,0.02605424,185.73000000
4,2.24,1.4,31.29,"[1.0, 0.2, 0.1, 0.0]",-1.00000000,-2.21635183,16.75741897,2.12957017,77.00000000,0.97390993,0.02609007,252.39400000
5,2.24,1.4,31.29,"[1.0, 0.5, 0.2, 0.1, 0.0]",-1.00000000,-2.21875444,16.75975940,2.12792687,95.00000000,0.97388506,0.02611494,369.50200000
6,2.24,1.4,31.29,"[2.0, 1.0, 0.5, 0.2, 0.1, 0.0]",-1.00000000,-2.22106088,16.76561649,2.12774531,113.00000000,0.97387102,0.02612898,524.32900000
7,2.24,1.4,31.29,"[2.0, 1.0, 0.5, 0.2, 0.1, 0.01, 0.0]",-1.00000000,-2.22131517,16.76969698,2.12766522,131.00000000,0.97388131,0.02611869,787.24800000
8,2.24,1.4,31.29,"[5.0, 2.0, 1.0, 0.5, 0.2, 0.1, 0.01, 0.0]",-1.00000000,-2.22220834,16.77522642,2.12566573,149.00000000,0.97387368,0.02612632,1028.57100000
9,2.24,1.4,31.29,"[5.0, 3.0, 2.0, 1.0, 0.5, 0.2, 0.1, 0.01, 0.0]",-1.00000000,-2.22200766,16.77565490,2.12670021,167.00000000,0.97388383,0.02611617,1338.05100000
