step,b_range,b_form,S,box_strengths,iteration,energy_mev,kinetic_mev,radius_fm,basis_size,prob_bare,prob_dressed,execution_time_s
2,2.24,1.4,27.19,"[1.0, 0.0]",-1.00000000,-2.17455194,15.71968332,2.14060932,41.00000000,0.96952925,0.03047075,231.42700000
3,2.24,1.4,27.19,"[1.0, 0.1, 0.0]",-1.00000000,-2.19949048,15.75851718,2.13314013,59.00000000,0.96910045,0.03089955,369.90300000
4,2.24,1.4,27.19,"[1.0, 0.2, 0.1, 0.0]",-1.00000000,-2.21635706,15.81197764,2.12923774,77.00000000,0.96890701,0.03109299,529.01300000
5,2.24,1.4,27.19,"[1.0, 0.5, 0.2, 0.1, 0.0]",-1.00000000,-2.21651329,15.81322310,2.12873114,95.00000000,0.96892473,0.03107527,715.72400000
6,2.24,1.4,27.19,"[2.0, 1.0, 0.5, 0.2, 0.1, 0.0]",-1.00000000,-2.21897072,15.81969566,2.12638339,113.00000000,0.96889815,0.03110185,926.69300000
7,2.24,1.4,27.19,"[2.0, 1.0, 0.5, 0.2, 0.1, 0.01, 0.0]",-1.00000000,-2.22039633,15.82103715,2.12800813,131.00000000,0.96889025,0.03110975,1208.79900000
8,2.24,1.4,27.19,"[5.0, 2.0, 1.0, 0.5, 0.2, 0.1, 0.01, 0.0]",-1.00000000,-2.22217348,15.82198762,2.12765915,149.00000000,0.96887591,0.03112409,1480.36000000
