step,b_range,b_form,S,box_strengths,iteration,energy_mev,kinetic_mev,radius_fm,basis_size,prob_bare,prob_dressed,execution_time_s
2,2.24,1.4,31.29,"[1.0, 0.0]",-1.00000000,-2.15925213,16.60954205,2.14641827,46.00000000,0.97460890,0.02539110,92.52800000
3,2.24,1.4,31.29,"[1.0, 0.1, 0.0]",-1.00000000,-2.20231815,16.73668486,2.13257430,64.00000000,0.97407200,0.02592800,166.45700000
4,2.24,1.4,31.29,"[1.0, 0.2, 0.1, 0.0]",-1.00000000,-2.21491049,16.75978160,2.12921010,82.00000000,0.97392668,0.02607332,347.37500000
5,2.24,1.4,31.29,"[1.0, 0.5, 0.2, 0.1, 0.0]",-1.00000000,-2.21491358,16.76456238,2.12933683,100.00000000,0.97391385,0.02608615,468.80500000
6,2.24,1.4,31.29,"[2.0, 1.0, 0.5, 0.2, 0.1, 0.0]",-1.00000000,-2.21630914,16.77089568,2.12914560,117.00000000,0.97392716,0.02607284,584.15800000
7,2.24,1.4,31.29,"[2.0, 1.0, 0.5, 0.2, 0.1, 0.01, 0.0]",-1.00000000,-2.22166096,16.78123436,2.12737250,136.00000000,0.97387179,0.02612821,897.21400000
8,2.24,1.4,31.29,"[5.0, 2.0, 1.0, 0.5, 0.2, 0.1, 0.01, 0.0]",-1.00000000,-2.22410374,16.79044074,2.12697232,154.00000000,0.97384425,0.02615575,944.93100000
