step,b_range,b_form,S,box_strengths,iteration,energy_mev,kinetic_mev,radius_fm,basis_size,prob_bare,prob_dressed,execution_time_s
2,2.24,1.4,31.29,"[1.0, 0.0]",-1.00000000,-2.15611875,16.64107983,2.14648068,41.00000000,0.97476786,0.02523214,68.68800000
3,2.24,1.4,31.29,"[1.0, 0.1, 0.0]",-1.00000000,-2.20258185,16.72691180,2.13150733,59.00000000,0.97404151,0.02595849,154.63800000
4,2.24,1.4,31.29,"[1.0, 0.2, 0.1, 0.0]",-1.00000000,-2.21248315,16.75332868,2.12975253,77.00000000,0.97394361,0.02605639,306.56800000
5,2.24,1.4,31.29,"[1.0, 0.5, 0.2, 0.1, 0.0]",-1.00000000,-2.21616854,16.76880226,2.12875459,95.00000000,0.97391568,0.02608432,326.00300000
6,2.24,1.4,31.29,"[2.0, 1.0, 0.5, 0.2, 0.1, 0.0]",-1.00000000,-2.22055571,16.77919248,2.12782745,113.00000000,0.97387171,0.02612829,491.59300000
7,2.24,1.4,31.29,"[2.0, 1.0, 0.5, 0.2, 0.1, 0.01, 0.0]",-1.00000000,-2.22099030,16.78362423,2.12877025,131.00000000,0.97387232,0.02612768,723.58200000
8,2.24,1.4,31.29,"[5.0, 2.0, 1.0, 0.5, 0.2, 0.1, 0.01, 0.0]",-1.00000000,-2.22279602,16.78732589,2.12813855,149.00000000,0.97386503,0.02613497,1059.12100000
